Outcome,AnimalNumber,Species,DateTime
Adoption,A0984,Dog,2024-12-27 09:51:26.694356
Adoption,A0871,Cat,2024-12-27 11:29:26.694356
Adoption,A0786,Dog,2024-12-27 11:32:26.694356
Adoption,A0851,Dog,2024-12-27 13:14:26.694356
Adoption,A0717,Dog,2024-12-27 15:05:26.694356
Adoption,A0954,Dog,2024-12-27 18:47:26.694356
Adoption,A0732,Dog,2024-12-27 21:20:26.694356
Adoption,A0568,Cat,2024-12-28 09:32:26.694356
Adoption,A0500,Dog,2024-12-28 10:06:26.694356
Adoption,A0194,Dog,2024-12-28 11:17:26.694356
Adoption,A0544,Dog,2024-12-28 11:41:26.694356
Adoption,A0296,Dog,2024-12-28 11:42:26.694356
Adoption,A0139,Dog,2024-12-28 11:57:26.694356
Adoption,A0492,Dog,2024-12-28 12:20:26.694356
Adoption,A0698,Cat,2024-12-28 13:02:26.694356
Adoption,A0102,Cat,2024-12-28 13:18:26.694356
Adoption,A0236,Cat,2024-12-28 14:22:26.694356
Adoption,A0145,Other,2024-12-28 15:07:26.694356
Adoption,A0107,Cat,2024-12-28 15:22:26.694356
Adoption,A0434,Cat,2024-12-28 16:15:26.694356
Adoption,A0491,Dog,2024-12-28 18:35:26.694356
Adoption,A0279,Dog,2024-12-28 20:46:26.694356
Adoption,A0551,Dog,2024-12-29 08:57:26.694356
Adoption,A0445,Dog,2024-12-29 09:53:26.694356
Adoption,A0230,Cat,2024-12-29 11:20:26.694356
Adoption,A0179,Dog,2024-12-29 11:53:26.694356
Adoption,A0222,Cat,2024-12-29 12:38:26.694356
Adoption,A0055,Other,2024-12-29 12:47:26.694356
Adoption,A0070,Cat,2024-12-29 14:40:26.694356
Adoption,A0689,Cat,2024-12-29 14:59:26.694356
Adoption,A0229,Dog,2024-12-29 15:12:26.694356
Adoption,A0024,Dog,2024-12-29 15:22:26.694356
Adoption,A0238,Cat,2024-12-29 15:31:26.694356
Adoption,A0410,Dog,2024-12-29 15:58:26.694356
Adoption,A0330,Dog,2024-12-29 16:05:26.694356
Adoption,A0579,Dog,2024-12-29 17:23:26.694356
Adoption,A0295,Dog,2024-12-29 17:33:26.694356
Adoption,A0413,Dog,2024-12-29 17:56:26.694356
Adoption,A0019,Dog,2024-12-29 18:53:26.694356
Adoption,A0962,Dog,2024-12-31 12:08:26.694356
Adoption,A0886,Cat,2024-12-31 14:18:26.694356
Adoption,A0797,Other,2024-12-31 14:56:26.694356
Adoption,A0779,Dog,2024-12-31 16:29:26.694356
Adoption,A0736,Cat,2024-12-31 17:03:26.694356
Adoption,A0788,Dog,2025-01-01 09:34:26.694356
Adoption,A0925,Dog,2025-01-01 11:58:26.694356
Adoption,A0938,Dog,2025-01-01 12:40:26.694356
Adoption,A0964,Dog,2025-01-02 09:34:26.694356
Adoption,A0759,Dog,2025-01-02 12:37:26.694356
Adoption,A0997,Dog,2025-01-02 15:06:26.694356
Adoption,A0846,Cat,2025-01-02 15:38:26.694356
Adoption,A0828,Dog,2025-01-03 11:02:26.694356
Adoption,A0776,Dog,2025-01-03 15:02:26.694356
Adoption,A0915,Dog,2025-01-03 16:08:26.694356
Adoption,A0935,Cat,2025-01-03 18:40:26.694356
Adoption,A0401,Dog,2025-01-04 10:54:26.694356
Adoption,A0262,Dog,2025-01-04 12:12:26.694356
Adoption,A0396,Dog,2025-01-04 12:18:26.694356
Adoption,A0041,Cat,2025-01-04 12:35:26.694356
Adoption,A0344,Dog,2025-01-04 12:36:26.694356
Adoption,A0223,Dog,2025-01-04 12:48:26.694356
Adoption,A0267,Dog,2025-01-04 13:55:26.694356
Adoption,A0308,Dog,2025-01-04 14:08:26.694356
Adoption,A0017,Dog,2025-01-04 15:26:26.694356
Adoption,A0567,Dog,2025-01-04 15:40:26.694356
Adoption,A0144,Dog,2025-01-04 16:31:26.694356
Adoption,A0199,Dog,2025-01-04 17:58:26.694356
Adoption,A0506,Dog,2025-01-04 19:09:26.694356
Adoption,A0163,Dog,2025-01-05 10:35:26.694356
Adoption,A0069,Dog,2025-01-05 10:48:26.694356
Adoption,A0336,Dog,2025-01-05 11:46:26.694356
Adoption,A0547,Dog,2025-01-05 13:55:26.694356
Adoption,A0049,Dog,2025-01-05 14:54:26.694356
Adoption,A0244,Dog,2025-01-05 15:21:26.694356
Adoption,A0466,Other,2025-01-05 16:04:26.694356
Adoption,A0073,Dog,2025-01-05 16:08:26.694356
Adoption,A0595,Dog,2025-01-05 16:09:26.694356
Adoption,A0371,Dog,2025-01-05 18:51:26.694356
Adoption,A0885,Dog,2025-01-06 15:56:26.694356
Adoption,A0872,Dog,2025-01-07 09:13:26.694356
Adoption,A0742,Dog,2025-01-07 11:54:26.694356
Adoption,A0837,Dog,2025-01-07 13:56:26.694356
Adoption,A0910,Dog,2025-01-07 14:52:26.694356
Adoption,A0972,Dog,2025-01-08 13:22:26.694356
Adoption,A0963,Dog,2025-01-09 09:03:26.694356
Adoption,A0755,Dog,2025-01-09 15:27:26.694356
Adoption,A0991,Dog,2025-01-10 09:19:26.694356
Adoption,A0764,Dog,2025-01-10 15:43:26.694356
Adoption,A0146,Dog,2025-01-11 09:09:26.694356
Adoption,A0368,Other,2025-01-11 09:15:26.694356
Adoption,A0690,Dog,2025-01-11 09:19:26.694356
Adoption,A0118,Cat,2025-01-11 09:23:26.694356
Adoption,A0503,Dog,2025-01-11 12:27:26.694356
Adoption,A0667,Dog,2025-01-11 15:10:26.694356
Adoption,A0522,Dog,2025-01-11 15:17:26.694356
Adoption,A0299,Cat,2025-01-11 15:20:26.694356
Adoption,A0652,Cat,2025-01-11 15:32:26.694356
Adoption,A0536,Cat,2025-01-11 15:55:26.694356
Adoption,A0249,Cat,2025-01-11 16:01:26.694356
Adoption,A0516,Other,2025-01-11 18:08:26.694356
Adoption,A0464,Cat,2025-01-11 19:20:26.694356
Adoption,A0545,Cat,2025-01-11 20:25:26.694356
Adoption,A0242,Dog,2025-01-12 09:42:26.694356
Adoption,A0467,Dog,2025-01-12 10:35:26.694356
Adoption,A0380,Dog,2025-01-12 10:59:26.694356
Adoption,A0456,Dog,2025-01-12 11:45:26.694356
Adoption,A0182,Dog,2025-01-12 14:31:26.694356
Adoption,A0201,Other,2025-01-12 14:59:26.694356
Adoption,A0071,Dog,2025-01-12 15:16:26.694356
Adoption,A0259,Other,2025-01-12 15:22:26.694356
Adoption,A0252,Dog,2025-01-12 16:14:26.694356
Adoption,A0800,Cat,2025-01-13 16:21:26.694356
Adoption,A0737,Dog,2025-01-13 16:27:26.694356
Adoption,A0852,Dog,2025-01-13 20:17:26.694356
Adoption,A0965,Dog,2025-01-14 10:16:26.694356
Adoption,A0901,Dog,2025-01-14 16:54:26.694356
Adoption,A0993,Dog,2025-01-15 09:28:26.694356
Adoption,A0882,Cat,2025-01-15 11:22:26.694356
Adoption,A0731,Cat,2025-01-15 15:52:26.694356
Adoption,A0878,Cat,2025-01-15 17:23:26.694356
Adoption,A0892,Dog,2025-01-16 10:08:26.694356
Adoption,A0739,Dog,2025-01-17 16:57:26.694356
Adoption,A0681,Cat,2025-01-18 09:08:26.694356
Adoption,A0594,Dog,2025-01-18 10:00:26.694356
Adoption,A0123,Dog,2025-01-18 10:19:26.694356
Adoption,A0044,Other,2025-01-18 10:48:26.694356
Adoption,A0289,Dog,2025-01-18 11:00:26.694356
Adoption,A0430,Dog,2025-01-18 11:10:26.694356
Adoption,A0175,Dog,2025-01-18 11:11:26.694356
Adoption,A0343,Cat,2025-01-18 12:25:26.694356
Adoption,A0644,Dog,2025-01-18 13:25:26.694356
Adoption,A0059,Dog,2025-01-18 14:34:26.694356
Adoption,A0271,Cat,2025-01-18 16:22:26.694356
Adoption,A0104,Cat,2025-01-18 17:31:26.694356
Adoption,A0586,Dog,2025-01-19 09:21:26.694356
Adoption,A0114,Dog,2025-01-19 09:42:26.694356
Adoption,A0202,Cat,2025-01-19 10:57:26.694356
Adoption,A0085,Dog,2025-01-19 12:39:26.694356
Adoption,A0006,Cat,2025-01-19 13:06:26.694356
Adoption,A0125,Dog,2025-01-19 13:39:26.694356
Adoption,A0435,Cat,2025-01-19 14:04:26.694356
Adoption,A0109,Cat,2025-01-19 15:07:26.694356
Adoption,A0061,Dog,2025-01-19 15:28:26.694356
Adoption,A0461,Dog,2025-01-19 15:36:26.694356
Adoption,A0316,Dog,2025-01-19 17:11:26.694356
Adoption,A0695,Cat,2025-01-19 18:15:26.694356
Adoption,A0358,Dog,2025-01-19 18:19:26.694356
Adoption,A0342,Dog,2025-01-19 20:34:26.694356
Adoption,A0896,Cat,2025-01-20 09:06:26.694356
Adoption,A0971,Dog,2025-01-20 14:44:26.694356
Adoption,A0824,Dog,2025-01-20 15:00:26.694356
Adoption,A0889,Dog,2025-01-21 09:02:26.694356
Adoption,A0709,Other,2025-01-22 09:36:26.694356
Adoption,A0705,Dog,2025-01-22 15:27:26.694356
Adoption,A0950,Dog,2025-01-22 15:49:26.694356
Adoption,A0728,Dog,2025-01-23 12:00:26.694356
Adoption,A0951,Dog,2025-01-23 16:20:26.694356
Adoption,A0922,Other,2025-01-24 09:52:26.694356
Adoption,A0845,Cat,2025-01-24 15:16:26.694356
Adoption,A0204,Dog,2025-01-25 08:49:26.694356
Adoption,A0124,Cat,2025-01-25 09:20:26.694356
Adoption,A0302,Dog,2025-01-25 09:26:26.694356
Adoption,A0151,Dog,2025-01-25 09:27:26.694356
Adoption,A0606,Dog,2025-01-25 09:47:26.694356
Adoption,A0489,Dog,2025-01-25 10:23:26.694356
Adoption,A0105,Dog,2025-01-25 12:43:26.694356
Adoption,A0686,Cat,2025-01-25 13:39:26.694356
Adoption,A0676,Dog,2025-01-25 14:35:26.694356
Adoption,A0418,Dog,2025-01-25 15:16:26.694356
Adoption,A0046,Dog,2025-01-25 16:10:26.694356
Adoption,A0258,Dog,2025-01-25 16:50:26.694356
Adoption,A0643,Other,2025-01-25 17:27:26.694356
Adoption,A0053,Dog,2025-01-25 17:33:26.694356
Adoption,A0541,Dog,2025-01-26 09:47:26.694356
Adoption,A0589,Dog,2025-01-26 10:33:26.694356
Adoption,A0604,Cat,2025-01-26 10:33:26.694356
Adoption,A0535,Other,2025-01-26 13:31:26.694356
Adoption,A0571,Cat,2025-01-26 14:03:26.694356
Adoption,A0079,Dog,2025-01-26 17:28:26.694356
Adoption,A0677,Dog,2025-01-26 17:36:26.694356
Adoption,A0849,Dog,2025-01-27 12:59:26.694356
Adoption,A0780,Dog,2025-01-28 18:25:26.694356
Adoption,A0839,Dog,2025-01-30 10:52:26.694356
Adoption,A0900,Cat,2025-01-30 15:59:26.694356
Adoption,A0902,Dog,2025-01-30 18:56:26.694356
Adoption,A0869,Dog,2025-01-31 11:34:26.694356
Adoption,A0766,Dog,2025-01-31 12:10:26.694356
Adoption,A0945,Dog,2025-01-31 12:29:26.694356
Adoption,A0916,Dog,2025-01-31 16:32:26.694356
Adoption,A0859,Cat,2025-01-31 20:58:26.694356
Adoption,A0245,Cat,2025-02-01 09:27:26.694356
Adoption,A0012,Dog,2025-02-01 11:36:26.694356
Adoption,A0314,Dog,2025-02-01 11:57:26.694356
Adoption,A0011,Dog,2025-02-01 13:06:26.694356
Adoption,A0189,Dog,2025-02-01 13:10:26.694356
Adoption,A0598,Dog,2025-02-01 14:01:26.694356
Adoption,A0672,Dog,2025-02-01 15:23:26.694356
Adoption,A0254,Cat,2025-02-01 15:26:26.694356
Adoption,A0280,Dog,2025-02-01 18:07:26.694356
Adoption,A0111,Cat,2025-02-01 18:07:26.694356
Adoption,A0298,Cat,2025-02-02 09:09:26.694356
Adoption,A0507,Dog,2025-02-02 10:15:26.694356
Adoption,A0639,Dog,2025-02-02 10:26:26.694356
Adoption,A0220,Dog,2025-02-02 10:29:26.694356
Adoption,A0576,Cat,2025-02-02 11:54:26.694356
Adoption,A0642,Cat,2025-02-02 11:57:26.694356
Adoption,A0490,Dog,2025-02-02 12:24:26.694356
Adoption,A0558,Dog,2025-02-02 12:36:26.694356
Adoption,A0523,Dog,2025-02-02 12:57:26.694356
Adoption,A0126,Dog,2025-02-02 14:57:26.694356
Adoption,A0566,Other,2025-02-02 15:56:26.694356
Adoption,A0621,Cat,2025-02-02 16:31:26.694356
Adoption,A0027,Dog,2025-02-02 16:38:26.694356
Adoption,A0348,Cat,2025-02-02 16:39:26.694356
Adoption,A0675,Dog,2025-02-02 16:40:26.694356
Adoption,A0654,Dog,2025-02-02 16:51:26.694356
Adoption,A0439,Dog,2025-02-02 19:49:26.694356
Adoption,A0770,Dog,2025-02-03 09:43:26.694356
Adoption,A0894,Dog,2025-02-04 10:19:26.694356
Adoption,A0747,Dog,2025-02-04 12:32:26.694356
Adoption,A0879,Dog,2025-02-04 15:13:26.694356
Adoption,A0822,Dog,2025-02-05 10:19:26.694356
Adoption,A0813,Dog,2025-02-06 13:01:26.694356
Adoption,A0757,Dog,2025-02-06 13:08:26.694356
Adoption,A0818,Dog,2025-02-06 18:46:26.694356
Adoption,A0995,Dog,2025-02-06 21:03:26.694356
Adoption,A0932,Dog,2025-02-07 21:27:26.694356
Adoption,A0156,Dog,2025-02-08 09:24:26.694356
Adoption,A0429,Cat,2025-02-08 10:59:26.694356
Adoption,A0197,Dog,2025-02-08 11:24:26.694356
Adoption,A0575,Dog,2025-02-08 16:21:26.694356
Adoption,A0173,Cat,2025-02-08 17:20:26.694356
Adoption,A0623,Cat,2025-02-08 17:20:26.694356
Adoption,A0635,Dog,2025-02-08 17:21:26.694356
Adoption,A0683,Dog,2025-02-08 18:14:26.694356
Adoption,A0477,Dog,2025-02-08 21:56:26.694356
Adoption,A0086,Cat,2025-02-09 09:20:26.694356
Adoption,A0514,Cat,2025-02-09 10:05:26.694356
Adoption,A0148,Dog,2025-02-09 10:46:26.694356
Adoption,A0143,Dog,2025-02-09 10:53:26.694356
Adoption,A0665,Dog,2025-02-09 11:04:26.694356
Adoption,A0338,Cat,2025-02-09 11:19:26.694356
Adoption,A0051,Cat,2025-02-09 11:25:26.694356
Adoption,A0646,Cat,2025-02-09 12:01:26.694356
Adoption,A0438,Dog,2025-02-09 15:09:26.694356
Adoption,A0081,Cat,2025-02-09 18:09:26.694356
Adoption,A0064,Dog,2025-02-09 18:37:26.694356
Adoption,A0790,Dog,2025-02-10 11:33:26.694356
Adoption,A0761,Dog,2025-02-11 09:05:26.694356
Adoption,A0921,Cat,2025-02-11 12:10:26.694356
Adoption,A0791,Dog,2025-02-12 09:40:26.694356
Adoption,A0855,Dog,2025-02-12 12:05:26.694356
Adoption,A0908,Cat,2025-02-12 14:55:26.694356
Adoption,A0827,Dog,2025-02-12 17:22:26.694356
Adoption,A0751,Dog,2025-02-13 08:33:26.694356
Adoption,A0996,Dog,2025-02-13 16:54:26.694356
Adoption,A0983,Dog,2025-02-13 21:25:26.694356
Adoption,A0703,Cat,2025-02-14 09:37:26.694356
Adoption,A0934,Cat,2025-02-14 10:01:26.694356
Adoption,A0870,Dog,2025-02-14 10:18:26.694356
Adoption,A0169,Dog,2025-02-15 09:57:26.694356
Adoption,A0100,Cat,2025-02-15 10:23:26.694356
Adoption,A0153,Dog,2025-02-15 10:30:26.694356
Adoption,A0036,Dog,2025-02-15 11:52:26.694356
Adoption,A0004,Other,2025-02-15 12:51:26.694356
Adoption,A0457,Dog,2025-02-15 15:25:26.694356
Adoption,A0442,Dog,2025-02-15 15:42:26.694356
Adoption,A0084,Cat,2025-02-15 15:59:26.694356
Adoption,A0152,Cat,2025-02-15 16:16:26.694356
Adoption,A0211,Cat,2025-02-15 16:31:26.694356
Adoption,A0501,Dog,2025-02-16 09:34:26.694356
Adoption,A0660,Dog,2025-02-16 10:24:26.694356
Adoption,A0524,Dog,2025-02-16 10:42:26.694356
Adoption,A0307,Dog,2025-02-16 11:12:26.694356
Adoption,A0476,Dog,2025-02-16 11:23:26.694356
Adoption,A0260,Cat,2025-02-16 11:23:26.694356
Adoption,A0256,Dog,2025-02-16 11:30:26.694356
Adoption,A0090,Dog,2025-02-16 11:33:26.694356
Adoption,A0651,Cat,2025-02-16 11:43:26.694356
Adoption,A0437,Dog,2025-02-16 11:51:26.694356
Adoption,A0332,Cat,2025-02-16 12:18:26.694356
Adoption,A0550,Cat,2025-02-16 14:36:26.694356
Adoption,A0548,Dog,2025-02-16 15:13:26.694356
Adoption,A0509,Dog,2025-02-16 16:53:26.694356
Adoption,A0035,Dog,2025-02-16 17:20:26.694356
Adoption,A0290,Cat,2025-02-16 18:03:26.694356
Adoption,A0958,Dog,2025-02-17 10:43:26.694356
Adoption,A0809,Cat,2025-02-18 09:32:26.694356
Adoption,A0973,Cat,2025-02-18 09:46:26.694356
Adoption,A0890,Dog,2025-02-18 14:41:26.694356
Adoption,A0957,Dog,2025-02-18 16:02:26.694356
Adoption,A0795,Dog,2025-02-19 11:57:26.694356
Adoption,A0895,Dog,2025-02-19 14:44:26.694356
Adoption,A0710,Dog,2025-02-19 15:31:26.694356
Adoption,A0985,Dog,2025-02-20 15:28:26.694356
Adoption,A0933,Cat,2025-02-20 17:07:26.694356
Adoption,A0749,Cat,2025-02-21 10:24:26.694356
Adoption,A0679,Cat,2025-02-22 10:07:26.694356
Adoption,A0629,Dog,2025-02-22 10:21:26.694356
Adoption,A0113,Dog,2025-02-22 12:22:26.694356
Adoption,A0374,Dog,2025-02-22 12:23:26.694356
Adoption,A0246,Dog,2025-02-22 13:28:26.694356
Adoption,A0584,Dog,2025-02-22 14:40:26.694356
Adoption,A0065,Dog,2025-02-22 14:41:26.694356
Adoption,A0345,Dog,2025-02-22 15:37:26.694356
Adoption,A0482,Dog,2025-02-22 15:45:26.694356
Adoption,A0415,Dog,2025-02-22 15:53:26.694356
Adoption,A0227,Cat,2025-02-22 16:17:26.694356
Adoption,A0397,Cat,2025-02-23 11:47:26.694356
Adoption,A0613,Dog,2025-02-23 12:39:26.694356
Adoption,A0277,Dog,2025-02-23 13:24:26.694356
Adoption,A0673,Cat,2025-02-23 13:59:26.694356
Adoption,A0092,Dog,2025-02-23 14:58:26.694356
Adoption,A0327,Dog,2025-02-23 15:50:26.694356
Adoption,A0048,Dog,2025-02-23 15:51:26.694356
Adoption,A0075,Cat,2025-02-23 18:00:26.694356
Adoption,A0329,Dog,2025-02-23 20:54:26.694356
Adoption,A0913,Dog,2025-02-24 16:16:26.694356
Adoption,A0831,Cat,2025-02-25 11:24:26.694356
Adoption,A0946,Dog,2025-02-26 10:11:26.694356
Adoption,A0899,Dog,2025-02-26 11:58:26.694356
Adoption,A0723,Dog,2025-02-26 18:11:26.694356
Adoption,A0702,Cat,2025-02-27 10:39:26.694356
Adoption,A0857,Dog,2025-02-27 16:26:26.694356
Adoption,A0750,Dog,2025-02-28 14:19:26.694356
Adoption,A0854,Cat,2025-02-28 15:32:26.694356
Adoption,A0694,Cat,2025-03-01 08:06:26.694356
Adoption,A0268,Cat,2025-03-01 10:02:26.694356
Adoption,A0265,Cat,2025-03-01 10:36:26.694356
Adoption,A0636,Other,2025-03-01 10:51:26.694356
Adoption,A0483,Dog,2025-03-01 10:59:26.694356
Adoption,A0009,Dog,2025-03-01 11:21:26.694356
Adoption,A0649,Dog,2025-03-01 12:02:26.694356
Adoption,A0542,Cat,2025-03-01 13:06:26.694356
Adoption,A0641,Dog,2025-03-01 13:39:26.694356
Adoption,A0237,Dog,2025-03-01 13:43:26.694356
Adoption,A0305,Dog,2025-03-01 16:40:26.694356
Adoption,A0481,Cat,2025-03-01 16:53:26.694356
Adoption,A0370,Dog,2025-03-01 17:54:26.694356
Adoption,A0341,Dog,2025-03-02 08:53:26.694356
Adoption,A0263,Dog,2025-03-02 09:21:26.694356
Adoption,A0556,Cat,2025-03-02 09:22:26.694356
Adoption,A0187,Dog,2025-03-02 10:59:26.694356
Adoption,A0056,Cat,2025-03-02 13:59:26.694356
Adoption,A0269,Cat,2025-03-02 14:53:26.694356
Adoption,A0631,Cat,2025-03-02 15:55:26.694356
Adoption,A0433,Dog,2025-03-02 16:25:26.694356
Adoption,A0309,Dog,2025-03-02 16:51:26.694356
Adoption,A0320,Cat,2025-03-02 18:56:26.694356
Adoption,A0804,Dog,2025-03-03 10:10:26.694356
Adoption,A0860,Cat,2025-03-03 10:26:26.694356
Adoption,A0754,Dog,2025-03-03 12:34:26.694356
Adoption,A0729,Cat,2025-03-03 15:44:26.694356
Adoption,A0725,Cat,2025-03-03 15:45:26.694356
Adoption,A0875,Dog,2025-03-03 16:48:26.694356
Adoption,A0953,Dog,2025-03-03 17:04:26.694356
Adoption,A0866,Cat,2025-03-04 09:35:26.694356
Adoption,A0730,Cat,2025-03-05 09:54:26.694356
Adoption,A0976,Dog,2025-03-05 15:53:26.694356
Adoption,A0810,Cat,2025-03-06 14:19:26.694356
Adoption,A0799,Cat,2025-03-06 15:47:26.694356
Adoption,A0844,Dog,2025-03-07 08:11:26.694356
Adoption,A0820,Dog,2025-03-07 16:05:26.694356
Adoption,A0787,Dog,2025-03-07 18:20:26.694356
Adoption,A0089,Dog,2025-03-08 08:54:26.694356
Adoption,A0362,Dog,2025-03-08 10:03:26.694356
Adoption,A0339,Dog,2025-03-08 11:09:26.694356
Adoption,A0528,Other,2025-03-08 11:49:26.694356
Adoption,A0007,Dog,2025-03-08 12:26:26.694356
Adoption,A0657,Other,2025-03-08 13:38:26.694356
Adoption,A0025,Dog,2025-03-08 14:57:26.694356
Adoption,A0392,Dog,2025-03-08 15:37:26.694356
Adoption,A0045,Dog,2025-03-08 16:59:26.694356
Adoption,A0602,Cat,2025-03-08 19:01:26.694356
Adoption,A0452,Cat,2025-03-09 09:52:26.694356
Adoption,A0028,Dog,2025-03-09 10:04:26.694356
Adoption,A0018,Dog,2025-03-09 10:20:26.694356
Adoption,A0350,Cat,2025-03-09 12:20:26.694356
Adoption,A0177,Dog,2025-03-09 12:39:26.694356
Adoption,A0253,Dog,2025-03-09 13:51:26.694356
Adoption,A0699,Dog,2025-03-09 14:26:26.694356
Adoption,A0634,Dog,2025-03-09 16:14:26.694356
Adoption,A0512,Other,2025-03-09 16:24:26.694356
Adoption,A0408,Dog,2025-03-09 16:58:26.694356
Adoption,A0351,Cat,2025-03-09 17:09:26.694356
Adoption,A0504,Dog,2025-03-09 17:13:26.694356
Adoption,A0136,Dog,2025-03-09 17:27:26.694356
Adoption,A0448,Cat,2025-03-09 18:16:26.694356
Adoption,A0451,Cat,2025-03-09 18:50:26.694356
Adoption,A0816,Dog,2025-03-10 09:55:26.694356
Adoption,A0781,Dog,2025-03-11 08:47:26.694356
Adoption,A0829,Dog,2025-03-11 11:03:26.694356
Adoption,A0801,Dog,2025-03-12 11:16:26.694356
Adoption,A0734,Dog,2025-03-12 19:12:26.694356
Adoption,A0931,Dog,2025-03-13 13:03:26.694356
Adoption,A0775,Cat,2025-03-13 14:21:26.694356
Adoption,A0756,Cat,2025-03-14 12:28:26.694356
Adoption,A0877,Cat,2025-03-14 14:39:26.694356
Adoption,A0883,Dog,2025-03-14 15:21:26.694356
Adoption,A0862,Cat,2025-03-14 16:55:26.694356
Adoption,A0720,Dog,2025-03-14 17:18:26.694356
Adoption,A0166,Dog,2025-03-15 08:40:26.694356
Adoption,A0659,Dog,2025-03-15 09:22:26.694356
Adoption,A0394,Dog,2025-03-15 09:30:26.694356
Adoption,A0284,Dog,2025-03-15 10:07:26.694356
Adoption,A0669,Dog,2025-03-15 10:11:26.694356
Adoption,A0441,Dog,2025-03-15 11:12:26.694356
Adoption,A0087,Dog,2025-03-15 11:27:26.694356
Adoption,A0409,Dog,2025-03-15 11:27:26.694356
Adoption,A0232,Dog,2025-03-15 11:45:26.694356
Adoption,A0534,Dog,2025-03-15 12:17:26.694356
Adoption,A0447,Other,2025-03-15 14:05:26.694356
Adoption,A0130,Dog,2025-03-15 14:10:26.694356
Adoption,A0583,Cat,2025-03-15 15:42:26.694356
Adoption,A0010,Dog,2025-03-15 16:13:26.694356
Adoption,A0624,Dog,2025-03-15 17:19:26.694356
Adoption,A0618,Cat,2025-03-15 17:34:26.694356
Adoption,A0488,Cat,2025-03-15 18:19:26.694356
Adoption,A0617,Dog,2025-03-16 09:09:26.694356
Adoption,A0557,Dog,2025-03-16 09:25:26.694356
Adoption,A0384,Cat,2025-03-16 09:45:26.694356
Adoption,A0607,Dog,2025-03-16 09:50:26.694356
Adoption,A0110,Cat,2025-03-16 10:12:26.694356
Adoption,A0214,Dog,2025-03-16 10:48:26.694356
Adoption,A0094,Dog,2025-03-16 11:07:26.694356
Adoption,A0248,Cat,2025-03-16 11:17:26.694356
Adoption,A0310,Dog,2025-03-16 11:35:26.694356
Adoption,A0131,Dog,2025-03-16 13:51:26.694356
Adoption,A0106,Dog,2025-03-16 14:00:26.694356
Adoption,A0020,Dog,2025-03-16 15:37:26.694356
Adoption,A0210,Dog,2025-03-16 15:43:26.694356
Adoption,A0549,Dog,2025-03-16 15:56:26.694356
Adoption,A0428,Cat,2025-03-16 16:13:26.694356
Adoption,A0016,Other,2025-03-16 17:01:26.694356
Adoption,A0013,Dog,2025-03-16 17:21:26.694356
Adoption,A0404,Cat,2025-03-16 17:32:26.694356
Adoption,A0312,Dog,2025-03-16 17:41:26.694356
Adoption,A0802,Dog,2025-03-17 12:04:26.694356
Adoption,A0722,Dog,2025-03-18 09:08:26.694356
Adoption,A0713,Cat,2025-03-18 10:42:26.694356
Adoption,A0918,Cat,2025-03-19 09:51:26.694356
Adoption,A0769,Dog,2025-03-19 13:43:26.694356
Adoption,A0987,Dog,2025-03-20 11:39:26.694356
Adoption,A0994,Cat,2025-03-20 14:50:26.694356
Adoption,A0746,Cat,2025-03-20 16:02:26.694356
Adoption,A0842,Cat,2025-03-21 10:13:26.694356
Adoption,A0848,Dog,2025-03-21 11:34:26.694356
Adoption,A0724,Dog,2025-03-21 15:10:26.694356
Adoption,A0714,Dog,2025-03-21 15:36:26.694356
Adoption,A0867,Cat,2025-03-21 17:52:26.694356
Adoption,A0427,Dog,2025-03-22 09:46:26.694356
Adoption,A0633,Dog,2025-03-22 10:20:26.694356
Adoption,A0655,Cat,2025-03-22 10:34:26.694356
Adoption,A0030,Cat,2025-03-22 11:12:26.694356
Adoption,A0050,Cat,2025-03-22 11:52:26.694356
Adoption,A0323,Dog,2025-03-22 11:56:26.694356
Adoption,A0103,Dog,2025-03-22 12:04:26.694356
Adoption,A0325,Cat,2025-03-22 12:10:26.694356
Adoption,A0625,Cat,2025-03-22 12:25:26.694356
Adoption,A0497,Dog,2025-03-22 12:29:26.694356
Adoption,A0450,Cat,2025-03-22 15:44:26.694356
Adoption,A0282,Cat,2025-03-22 15:57:26.694356
Adoption,A0191,Cat,2025-03-22 16:14:26.694356
Adoption,A0096,Dog,2025-03-22 16:14:26.694356
Adoption,A0398,Cat,2025-03-22 16:44:26.694356
Adoption,A0601,Cat,2025-03-22 21:56:26.694356
Adoption,A0526,Dog,2025-03-23 09:20:26.694356
Adoption,A0424,Other,2025-03-23 10:26:26.694356
Adoption,A0147,Dog,2025-03-23 10:37:26.694356
Adoption,A0588,Dog,2025-03-23 11:16:26.694356
Adoption,A0487,Cat,2025-03-23 11:30:26.694356
Adoption,A0095,Dog,2025-03-23 11:48:26.694356
Adoption,A0076,Cat,2025-03-23 13:01:26.694356
Adoption,A0525,Dog,2025-03-23 13:56:26.694356
Adoption,A0054,Cat,2025-03-23 14:51:26.694356
Adoption,A0154,Dog,2025-03-23 15:07:26.694356
Adoption,A0485,Dog,2025-03-23 15:59:26.694356
Adoption,A0240,Dog,2025-03-23 16:21:26.694356
Adoption,A0585,Dog,2025-03-23 16:38:26.694356
Adoption,A0414,Dog,2025-03-23 16:59:26.694356
Adoption,A0590,Cat,2025-03-23 17:05:26.694356
Adoption,A0508,Dog,2025-03-23 17:15:26.694356
Adoption,A0266,Cat,2025-03-23 18:32:26.694356
Adoption,A0291,Cat,2025-03-23 19:39:26.694356
Adoption,A0978,Cat,2025-03-24 10:45:26.694356
Adoption,A0943,Cat,2025-03-24 11:48:26.694356
Adoption,A0928,Dog,2025-03-24 15:40:26.694356
Adoption,A0865,Dog,2025-03-25 09:13:26.694356
Adoption,A0767,Other,2025-03-25 17:01:26.694356
Adoption,A0968,Dog,2025-03-25 18:31:26.694356
Adoption,A0988,Dog,2025-03-26 10:20:26.694356
Adoption,A0956,Dog,2025-03-26 15:36:26.694356
Adoption,A0917,Dog,2025-03-26 15:55:26.694356
Adoption,A0986,Cat,2025-03-26 20:21:26.694356
Adoption,A0967,Other,2025-03-27 14:23:26.694356
Adoption,A0763,Dog,2025-03-27 15:59:26.694356
Adoption,A0806,Cat,2025-03-28 10:14:26.694356
Adoption,A0936,Cat,2025-03-28 10:45:26.694356
Adoption,A0150,Dog,2025-03-29 08:47:26.694356
Adoption,A0032,Dog,2025-03-29 09:25:26.694356
Adoption,A0555,Cat,2025-03-29 11:02:26.694356
Adoption,A0203,Cat,2025-03-29 11:24:26.694356
Adoption,A0688,Dog,2025-03-29 11:41:26.694356
Adoption,A0411,Cat,2025-03-29 14:46:26.694356
Adoption,A0195,Dog,2025-03-29 14:54:26.694356
Adoption,A0359,Dog,2025-03-29 15:16:26.694356
Adoption,A0360,Dog,2025-03-29 15:54:26.694356
Adoption,A0137,Dog,2025-03-29 18:50:26.694356
Adoption,A0281,Dog,2025-03-30 09:41:26.694356
Adoption,A0484,Cat,2025-03-30 09:43:26.694356
Adoption,A0515,Dog,2025-03-30 09:43:26.694356
Adoption,A0365,Cat,2025-03-30 10:02:26.694356
Adoption,A0122,Dog,2025-03-30 10:04:26.694356
Adoption,A0184,Dog,2025-03-30 11:15:26.694356
Adoption,A0231,Cat,2025-03-30 12:07:26.694356
Adoption,A0183,Dog,2025-03-30 12:30:26.694356
Adoption,A0553,Dog,2025-03-30 14:17:26.694356
Adoption,A0645,Cat,2025-03-30 14:48:26.694356
Adoption,A0443,Dog,2025-03-30 14:48:26.694356
Adoption,A0178,Dog,2025-03-30 15:01:26.694356
Adoption,A0376,Other,2025-03-30 15:29:26.694356
Adoption,A0034,Cat,2025-03-30 16:44:26.694356
Adoption,A0190,Other,2025-03-30 17:09:26.694356
Adoption,A0057,Dog,2025-03-30 18:17:26.694356
Adoption,A0904,Dog,2025-03-31 12:18:26.694356
Adoption,A0903,Dog,2025-04-01 11:59:26.694356
Adoption,A0949,Cat,2025-04-01 19:45:26.694356
Adoption,A0977,Dog,2025-04-02 15:11:26.694356
Adoption,A0826,Other,2025-04-02 17:54:26.694356
Adoption,A0704,Dog,2025-04-03 11:32:26.694356
Adoption,A0850,Dog,2025-04-03 15:12:26.694356
Adoption,A0947,Dog,2025-04-03 15:34:26.694356
Adoption,A0923,Dog,2025-04-03 18:34:26.694356
Adoption,A0701,Dog,2025-04-04 15:42:26.694356
Adoption,A0670,Dog,2025-04-05 09:09:26.694356
Adoption,A0587,Dog,2025-04-05 09:48:26.694356
Adoption,A0691,Dog,2025-04-05 10:05:26.694356
Adoption,A0326,Dog,2025-04-05 13:15:26.694356
Adoption,A0099,Cat,2025-04-05 13:22:26.694356
Adoption,A0505,Dog,2025-04-05 13:55:26.694356
Adoption,A0171,Dog,2025-04-05 14:49:26.694356
Adoption,A0513,Cat,2025-04-05 15:12:26.694356
Adoption,A0261,Cat,2025-04-05 15:43:26.694356
Adoption,A0422,Dog,2025-04-05 15:47:26.694356
Adoption,A0574,Dog,2025-04-05 16:06:26.694356
Adoption,A0378,Dog,2025-04-05 16:18:26.694356
Adoption,A0599,Dog,2025-04-05 16:21:26.694356
Adoption,A0385,Dog,2025-04-05 17:18:26.694356
Adoption,A0003,Cat,2025-04-05 17:36:26.694356
Adoption,A0074,Cat,2025-04-05 18:40:26.694356
Adoption,A0532,Cat,2025-04-06 08:05:26.694356
Adoption,A0377,Dog,2025-04-06 10:17:26.694356
Adoption,A0022,Dog,2025-04-06 10:20:26.694356
Adoption,A0363,Dog,2025-04-06 10:28:26.694356
Adoption,A0480,Dog,2025-04-06 10:40:26.694356
Adoption,A0164,Other,2025-04-06 11:03:26.694356
Adoption,A0471,Dog,2025-04-06 11:38:26.694356
Adoption,A0353,Cat,2025-04-06 13:45:26.694356
Adoption,A0519,Other,2025-04-06 13:55:26.694356
Adoption,A0188,Dog,2025-04-06 17:33:26.694356
Adoption,A0286,Dog,2025-04-06 17:43:26.694356
Adoption,A0628,Dog,2025-04-06 17:51:26.694356
Adoption,A0794,Dog,2025-04-07 11:17:26.694356
Adoption,A0990,Dog,2025-04-07 11:37:26.694356
Adoption,A0970,Dog,2025-04-08 11:07:26.694356
Adoption,A0858,Other,2025-04-08 15:22:26.694356
Adoption,A0823,Cat,2025-04-09 10:59:26.694356
Adoption,A0738,Cat,2025-04-09 14:37:26.694356
Adoption,A0927,Cat,2025-04-10 13:29:26.694356
Adoption,A0807,Dog,2025-04-10 14:26:26.694356
Adoption,A0937,Cat,2025-04-10 16:21:26.694356
Adoption,A0982,Dog,2025-04-11 09:18:26.694356
Adoption,A0400,Dog,2025-04-12 09:29:26.694356
Adoption,A0285,Other,2025-04-12 14:00:26.694356
Adoption,A0647,Cat,2025-04-12 15:24:26.694356
Adoption,A0666,Cat,2025-04-12 15:50:26.694356
Adoption,A0540,Dog,2025-04-12 16:14:26.694356
Adoption,A0577,Dog,2025-04-12 16:32:26.694356
Adoption,A0388,Dog,2025-04-12 17:44:26.694356
Adoption,A0082,Dog,2025-04-12 17:49:26.694356
Adoption,A0469,Dog,2025-04-13 08:25:26.694356
Adoption,A0213,Dog,2025-04-13 08:45:26.694356
Adoption,A0554,Dog,2025-04-13 09:04:26.694356
Adoption,A0543,Dog,2025-04-13 09:20:26.694356
Adoption,A0241,Cat,2025-04-13 10:21:26.694356
Adoption,A0301,Cat,2025-04-13 10:38:26.694356
Adoption,A0212,Cat,2025-04-13 10:50:26.694356
Adoption,A0243,Dog,2025-04-13 11:24:26.694356
Adoption,A0495,Other,2025-04-13 11:43:26.694356
Adoption,A0406,Dog,2025-04-13 13:51:26.694356
Adoption,A0619,Cat,2025-04-13 14:50:26.694356
Adoption,A0393,Cat,2025-04-13 14:52:26.694356
Adoption,A0162,Other,2025-04-13 15:48:26.694356
Adoption,A0158,Dog,2025-04-13 16:01:26.694356
Adoption,A0174,Dog,2025-04-13 16:35:26.694356
Adoption,A0446,Dog,2025-04-13 16:44:26.694356
Adoption,A0234,Dog,2025-04-13 16:45:26.694356
Adoption,A0270,Cat,2025-04-13 17:18:26.694356
Adoption,A0616,Dog,2025-04-13 20:58:26.694356
Adoption,A0961,Dog,2025-04-14 10:08:26.694356
Adoption,A0979,Dog,2025-04-15 09:46:26.694356
Adoption,A0856,Cat,2025-04-15 12:58:26.694356
Adoption,A1000,Dog,2025-04-15 14:03:26.694356
Adoption,A0880,Dog,2025-04-15 14:25:26.694356
Adoption,A0784,Cat,2025-04-15 15:55:26.694356
Adoption,A0944,Dog,2025-04-16 09:47:26.694356
Adoption,A0817,Dog,2025-04-16 15:27:26.694356
Adoption,A0814,Cat,2025-04-16 16:34:26.694356
Adoption,A0939,Dog,2025-04-16 17:55:26.694356
Adoption,A0726,Dog,2025-04-17 10:54:26.694356
Adoption,A0834,Dog,2025-04-17 15:14:26.694356
Adoption,A0868,Dog,2025-04-18 10:07:26.694356
Adoption,A0821,Other,2025-04-18 17:08:26.694356
Adoption,A0193,Dog,2025-04-19 08:39:26.694356
Adoption,A0335,Dog,2025-04-19 10:03:26.694356
Adoption,A0364,Cat,2025-04-19 10:13:26.694356
Adoption,A0346,Dog,2025-04-19 10:20:26.694356
Adoption,A0206,Dog,2025-04-19 10:51:26.694356
Adoption,A0337,Dog,2025-04-19 11:03:26.694356
Adoption,A0235,Dog,2025-04-19 11:06:26.694356
Adoption,A0460,Cat,2025-04-19 11:28:26.694356
Adoption,A0367,Cat,2025-04-19 11:36:26.694356
Adoption,A0395,Dog,2025-04-19 12:35:26.694356
Adoption,A0531,Cat,2025-04-19 13:06:26.694356
Adoption,A0561,Cat,2025-04-19 15:18:26.694356
Adoption,A0311,Cat,2025-04-19 15:21:26.694356
Adoption,A0274,Dog,2025-04-19 15:38:26.694356
Adoption,A0117,Dog,2025-04-19 15:50:26.694356
Adoption,A0257,Other,2025-04-19 16:14:26.694356
Adoption,A0128,Dog,2025-04-19 16:45:26.694356
Adoption,A0562,Dog,2025-04-19 16:50:26.694356
Adoption,A0390,Dog,2025-04-19 17:29:26.694356
Adoption,A0417,Dog,2025-04-19 17:32:26.694356
Adoption,A0026,Dog,2025-04-19 17:55:26.694356
Adoption,A0569,Dog,2025-04-19 18:49:26.694356
Adoption,A0251,Dog,2025-04-20 09:20:26.694356
Adoption,A0127,Dog,2025-04-20 09:30:26.694356
Adoption,A0591,Dog,2025-04-20 10:45:26.694356
Adoption,A0494,Dog,2025-04-20 12:23:26.694356
Adoption,A0361,Cat,2025-04-20 14:06:26.694356
Adoption,A0538,Dog,2025-04-20 15:19:26.694356
Adoption,A0444,Dog,2025-04-20 16:29:26.694356
Adoption,A0078,Dog,2025-04-20 20:47:26.694356
Adoption,A0752,Cat,2025-04-21 11:25:26.694356
Adoption,A0812,Dog,2025-04-21 18:33:26.694356
Adoption,A0912,Dog,2025-04-22 09:39:26.694356
Adoption,A0782,Dog,2025-04-22 10:20:26.694356
Adoption,A0998,Dog,2025-04-22 11:27:26.694356
Adoption,A0825,Cat,2025-04-23 12:07:26.694356
Adoption,A0966,Dog,2025-04-23 18:33:26.694356
Adoption,A0783,Dog,2025-04-24 08:27:26.694356
Adoption,A0765,Dog,2025-04-24 13:56:26.694356
Adoption,A0805,Cat,2025-04-24 15:29:26.694356
Adoption,A0897,Dog,2025-04-25 13:13:26.694356
Adoption,A0768,Dog,2025-04-25 14:46:26.694356
Adoption,A0668,Other,2025-04-26 10:55:26.694356
Adoption,A0304,Dog,2025-04-26 11:01:26.694356
Adoption,A0626,Dog,2025-04-26 11:03:26.694356
Adoption,A0608,Dog,2025-04-26 11:38:26.694356
Adoption,A0653,Dog,2025-04-26 11:41:26.694356
Adoption,A0138,Other,2025-04-26 12:42:26.694356
Adoption,A0331,Dog,2025-04-26 12:55:26.694356
Adoption,A0116,Dog,2025-04-26 13:44:26.694356
Adoption,A0582,Dog,2025-04-26 13:57:26.694356
Adoption,A0133,Dog,2025-04-26 14:18:26.694356
Adoption,A0560,Dog,2025-04-26 14:48:26.694356
Adoption,A0381,Dog,2025-04-26 14:59:26.694356
Adoption,A0288,Dog,2025-04-26 15:02:26.694356
Adoption,A0140,Cat,2025-04-26 15:04:26.694356
Adoption,A0324,Dog,2025-04-26 16:19:26.694356
Adoption,A0321,Cat,2025-04-26 16:33:26.694356
Adoption,A0473,Dog,2025-04-26 16:49:26.694356
Adoption,A0610,Dog,2025-04-26 17:11:26.694356
Adoption,A0425,Dog,2025-04-26 17:14:26.694356
Adoption,A0063,Cat,2025-04-26 17:28:26.694356
Adoption,A0389,Cat,2025-04-26 18:11:26.694356
Adoption,A0115,Dog,2025-04-26 21:00:26.694356
Adoption,A0372,Cat,2025-04-26 21:03:26.694356
Adoption,A0317,Cat,2025-04-27 08:16:26.694356
Adoption,A0080,Dog,2025-04-27 10:32:26.694356
Adoption,A0600,Cat,2025-04-27 10:47:26.694356
Adoption,A0537,Dog,2025-04-27 11:10:26.694356
Adoption,A0530,Cat,2025-04-27 11:26:26.694356
Adoption,A0658,Cat,2025-04-27 11:51:26.694356
Adoption,A0334,Dog,2025-04-27 11:57:26.694356
Adoption,A0014,Dog,2025-04-27 12:04:26.694356
Adoption,A0172,Cat,2025-04-27 12:09:26.694356
Adoption,A0603,Dog,2025-04-27 15:09:26.694356
Adoption,A0066,Dog,2025-04-27 15:20:26.694356
Adoption,A0431,Other,2025-04-27 16:38:26.694356
Adoption,A0612,Dog,2025-04-27 16:46:26.694356
Adoption,A0264,Cat,2025-04-27 17:42:26.694356
Adoption,A0638,Dog,2025-04-27 19:13:26.694356
Adoption,A0853,Dog,2025-05-01 10:50:26.694356
Adoption,A0955,Cat,2025-05-01 13:19:26.694356
Adoption,A0745,Dog,2025-05-01 16:24:26.694356
Adoption,A0708,Cat,2025-05-01 19:07:26.694356
Adoption,A0815,Cat,2025-05-02 14:39:26.694356
Adoption,A0707,Dog,2025-05-02 15:54:26.694356
Adoption,A0565,Cat,2025-05-03 09:11:26.694356
Adoption,A0533,Other,2025-05-03 09:14:26.694356
Adoption,A0225,Dog,2025-05-03 09:40:26.694356
Adoption,A0300,Dog,2025-05-03 10:45:26.694356
Adoption,A0141,Dog,2025-05-03 12:04:26.694356
Adoption,A0132,Dog,2025-05-03 12:14:26.694356
Adoption,A0233,Other,2025-05-03 12:39:26.694356
Adoption,A0620,Dog,2025-05-03 13:48:26.694356
Adoption,A0459,Dog,2025-05-03 14:04:26.694356
Adoption,A0383,Dog,2025-05-03 14:48:26.694356
Adoption,A0605,Dog,2025-05-03 15:15:26.694356
Adoption,A0486,Dog,2025-05-03 15:56:26.694356
Adoption,A0042,Dog,2025-05-03 16:16:26.694356
Adoption,A0165,Dog,2025-05-03 17:13:26.694356
Adoption,A0205,Cat,2025-05-03 17:21:26.694356
Adoption,A0511,Cat,2025-05-03 17:41:26.694356
Adoption,A0692,Dog,2025-05-03 20:11:26.694356
Adoption,A0355,Other,2025-05-04 10:59:26.694356
Adoption,A0680,Cat,2025-05-04 11:54:26.694356
Adoption,A0354,Dog,2025-05-04 15:03:26.694356
Adoption,A0247,Dog,2025-05-04 15:12:26.694356
Adoption,A0023,Dog,2025-05-04 16:09:26.694356
Adoption,A0318,Dog,2025-05-04 17:13:26.694356
Adoption,A0693,Other,2025-05-04 18:01:26.694356
Adoption,A0718,Cat,2025-05-05 13:45:26.694356
Adoption,A0792,Dog,2025-05-05 13:50:26.694356
Adoption,A0847,Dog,2025-05-05 14:08:26.694356
Adoption,A0744,Dog,2025-05-05 16:04:26.694356
Adoption,A0989,Cat,2025-05-06 10:50:26.694356
Adoption,A0841,Dog,2025-05-06 17:51:26.694356
Adoption,A0926,Cat,2025-05-07 12:13:26.694356
Adoption,A0929,Dog,2025-05-07 14:03:26.694356
Adoption,A0863,Dog,2025-05-07 14:45:26.694356
Adoption,A0974,Cat,2025-05-07 15:39:26.694356
Adoption,A0942,Dog,2025-05-07 16:28:26.694356
Adoption,A0835,Dog,2025-05-08 09:20:26.694356
Adoption,A0975,Dog,2025-05-08 10:11:26.694356
Adoption,A0793,Dog,2025-05-08 11:46:26.694356
Adoption,A0777,Dog,2025-05-08 16:11:26.694356
Adoption,A0930,Dog,2025-05-08 18:58:26.694356
Adoption,A0840,Dog,2025-05-09 16:45:26.694356
Adoption,A0167,Dog,2025-05-10 09:40:26.694356
Adoption,A0120,Dog,2025-05-10 10:23:26.694356
Adoption,A0276,Dog,2025-05-10 11:46:26.694356
Adoption,A0192,Dog,2025-05-10 12:16:26.694356
Adoption,A0664,Cat,2025-05-10 12:18:26.694356
Adoption,A0615,Cat,2025-05-10 12:59:26.694356
Adoption,A0008,Dog,2025-05-10 13:27:26.694356
Adoption,A0001,Dog,2025-05-10 14:38:26.694356
Adoption,A0661,Cat,2025-05-10 14:58:26.694356
Adoption,A0421,Dog,2025-05-10 15:19:26.694356
Adoption,A0047,Dog,2025-05-10 15:20:26.694356
Adoption,A0149,Dog,2025-05-10 15:31:26.694356
Adoption,A0502,Cat,2025-05-10 15:54:26.694356
Adoption,A0529,Dog,2025-05-10 16:32:26.694356
Adoption,A0159,Cat,2025-05-10 17:14:26.694356
Adoption,A0221,Dog,2025-05-10 17:54:26.694356
Adoption,A0465,Cat,2025-05-10 19:09:26.694356
Adoption,A0200,Dog,2025-05-10 20:13:26.694356
Adoption,A0684,Cat,2025-05-11 09:47:26.694356
Adoption,A0570,Dog,2025-05-11 09:52:26.694356
Adoption,A0278,Dog,2025-05-11 10:36:26.694356
Adoption,A0135,Dog,2025-05-11 10:50:26.694356
Adoption,A0319,Cat,2025-05-11 14:13:26.694356
Adoption,A0015,Dog,2025-05-11 14:54:26.694356
Adoption,A0068,Dog,2025-05-11 15:12:26.694356
Adoption,A0474,Dog,2025-05-11 15:34:26.694356
Adoption,A0402,Cat,2025-05-11 15:48:26.694356
Adoption,A0088,Dog,2025-05-11 16:10:26.694356
Adoption,A0498,Dog,2025-05-11 17:21:26.694356
Adoption,A0275,Dog,2025-05-11 17:43:26.694356
Adoption,A0416,Dog,2025-05-11 17:44:26.694356
Adoption,A0771,Other,2025-05-13 11:08:26.694356
Adoption,A0811,Cat,2025-05-13 11:15:26.694356
Adoption,A0874,Dog,2025-05-14 09:19:26.694356
Adoption,A0773,Dog,2025-05-14 12:23:26.694356
Adoption,A0960,Dog,2025-05-15 12:52:26.694356
Adoption,A0914,Dog,2025-05-16 10:29:26.694356
Adoption,A0969,Dog,2025-05-16 12:00:26.694356
Adoption,A0748,Dog,2025-05-16 16:03:26.694356
Adoption,A0198,Dog,2025-05-17 10:39:26.694356
Adoption,A0098,Dog,2025-05-17 10:59:26.694356
Adoption,A0593,Dog,2025-05-17 11:33:26.694356
Adoption,A0382,Dog,2025-05-17 15:18:26.694356
Adoption,A0303,Dog,2025-05-17 15:26:26.694356
Adoption,A0273,Dog,2025-05-17 15:29:26.694356
Adoption,A0627,Dog,2025-05-17 15:45:26.694356
Adoption,A0333,Dog,2025-05-17 16:36:26.694356
Adoption,A0121,Dog,2025-05-17 17:16:26.694356
Adoption,A0640,Dog,2025-05-17 17:40:26.694356
Adoption,A0215,Other,2025-05-17 17:55:26.694356
Adoption,A0287,Dog,2025-05-18 09:04:26.694356
Adoption,A0455,Dog,2025-05-18 09:34:26.694356
Adoption,A0685,Cat,2025-05-18 10:45:26.694356
Adoption,A0412,Dog,2025-05-18 11:10:26.694356
Adoption,A0208,Dog,2025-05-18 11:19:26.694356
Adoption,A0155,Cat,2025-05-18 11:39:26.694356
Adoption,A0072,Dog,2025-05-18 12:55:26.694356
Adoption,A0479,Dog,2025-05-18 13:05:26.694356
Adoption,A0399,Dog,2025-05-18 13:35:26.694356
Adoption,A0033,Dog,2025-05-18 14:49:26.694356
Adoption,A0180,Dog,2025-05-18 15:12:26.694356
Adoption,A0119,Cat,2025-05-18 16:34:26.694356
Adoption,A0663,Dog,2025-05-18 16:42:26.694356
Adoption,A0423,Dog,2025-05-18 16:46:26.694356
Adoption,A0778,Dog,2025-05-19 16:27:26.694356
Adoption,A0740,Dog,2025-05-19 17:30:26.694356
Adoption,A0808,Dog,2025-05-20 15:34:26.694356
Adoption,A0838,Dog,2025-05-21 14:52:26.694356
Adoption,A0772,Dog,2025-05-22 12:20:26.694356
Adoption,A0992,Dog,2025-05-22 15:56:26.694356
Adoption,A0716,Dog,2025-05-22 18:29:26.694356
Adoption,A0819,Dog,2025-05-23 15:38:26.694356
Adoption,A0458,Dog,2025-05-24 09:50:26.694356
Adoption,A0564,Dog,2025-05-24 10:20:26.694356
Adoption,A0170,Dog,2025-05-24 10:54:26.694356
Adoption,A0572,Cat,2025-05-24 15:41:26.694356
Adoption,A0671,Dog,2025-05-24 16:07:26.694356
Adoption,A0005,Dog,2025-05-24 16:34:26.694356
Adoption,A0419,Dog,2025-05-24 17:05:26.694356
Adoption,A0108,Dog,2025-05-25 08:36:26.694356
Adoption,A0462,Dog,2025-05-25 09:19:26.694356
Adoption,A0134,Cat,2025-05-25 10:06:26.694356
Adoption,A0678,Dog,2025-05-25 10:20:26.694356
Adoption,A0077,Dog,2025-05-25 10:59:26.694356
Adoption,A0029,Dog,2025-05-25 11:00:26.694356
Adoption,A0021,Dog,2025-05-25 11:14:26.694356
Adoption,A0209,Cat,2025-05-25 14:20:26.694356
Adoption,A0060,Dog,2025-05-25 14:40:26.694356
Adoption,A0186,Dog,2025-05-25 16:31:26.694356
Adoption,A0375,Dog,2025-05-25 16:33:26.694356
Adoption,A0039,Dog,2025-05-25 17:44:26.694356
Adoption,A0463,Other,2025-05-25 17:48:26.694356
Adoption,A0573,Other,2025-05-25 17:56:26.694356
Adoption,A0239,Cat,2025-05-25 18:10:26.694356
Adoption,A0185,Dog,2025-05-25 18:31:26.694356
Adoption,A0864,Dog,2025-05-26 11:37:26.694356
Adoption,A0888,Cat,2025-05-26 13:50:26.694356
Adoption,A0706,Cat,2025-05-27 10:00:26.694356
Adoption,A0905,Dog,2025-05-28 10:46:26.694356
Adoption,A0919,Cat,2025-05-28 11:24:26.694356
Adoption,A0881,Dog,2025-05-28 11:37:26.694356
Adoption,A0758,Cat,2025-05-28 11:51:26.694356
Adoption,A0785,Other,2025-05-29 17:25:26.694356
Adoption,A0833,Dog,2025-05-30 12:37:26.694356
Adoption,A0887,Dog,2025-05-30 16:45:26.694356
Adoption,A0909,Cat,2025-05-30 17:37:26.694356
Adoption,A0907,Cat,2025-05-30 18:13:26.694356
Adoption,A0906,Cat,2025-05-30 21:51:26.694356
Adoption,A0432,Dog,2025-05-31 10:08:26.694356
Adoption,A0168,Dog,2025-05-31 10:24:26.694356
Adoption,A0499,Cat,2025-05-31 10:27:26.694356
Adoption,A0546,Dog,2025-05-31 10:43:26.694356
Adoption,A0101,Cat,2025-05-31 10:44:26.694356
Adoption,A0662,Dog,2025-05-31 11:49:26.694356
Adoption,A0091,Dog,2025-05-31 12:07:26.694356
Adoption,A0181,Other,2025-05-31 12:52:26.694356
Adoption,A0597,Cat,2025-05-31 13:04:26.694356
Adoption,A0097,Dog,2025-05-31 13:16:26.694356
Adoption,A0468,Other,2025-05-31 16:05:26.694356
Adoption,A0697,Dog,2025-05-31 17:44:26.694356
Adoption,A0356,Dog,2025-05-31 20:56:26.694356
Adoption,A0436,Dog,2025-06-01 08:56:26.694356
Adoption,A0578,Dog,2025-06-01 09:16:26.694356
Adoption,A0403,Dog,2025-06-01 09:54:26.694356
Adoption,A0387,Cat,2025-06-01 10:23:26.694356
Adoption,A0379,Dog,2025-06-01 10:30:26.694356
Adoption,A0520,Cat,2025-06-01 10:42:26.694356
Adoption,A0682,Cat,2025-06-01 14:46:26.694356
Adoption,A0328,Dog,2025-06-01 17:30:26.694356
Adoption,A0352,Dog,2025-06-01 18:37:26.694356
Adoption,A0803,Dog,2025-06-02 10:43:26.694356
Adoption,A0924,Dog,2025-06-02 14:40:26.694356
Adoption,A0952,Dog,2025-06-03 10:20:26.694356
Adoption,A0873,Dog,2025-06-03 14:58:26.694356
Adoption,A0911,Dog,2025-06-03 15:35:26.694356
Adoption,A0719,Cat,2025-06-03 15:53:26.694356
Adoption,A0941,Cat,2025-06-03 16:15:26.694356
Adoption,A0789,Other,2025-06-03 18:51:26.694356
Adoption,A0753,Dog,2025-06-05 12:04:26.694356
Adoption,A0832,Cat,2025-06-05 16:46:26.694356
Adoption,A0891,Dog,2025-06-05 18:18:26.694356
Adoption,A0884,Dog,2025-06-05 21:47:26.694356
Adoption,A0062,Dog,2025-06-07 08:51:26.694356
Adoption,A0142,Dog,2025-06-07 09:29:26.694356
Adoption,A0058,Dog,2025-06-07 10:39:26.694356
Adoption,A0472,Dog,2025-06-07 13:38:26.694356
Adoption,A0493,Dog,2025-06-07 15:29:26.694356
Adoption,A0517,Dog,2025-06-07 15:44:26.694356
Adoption,A0407,Dog,2025-06-07 15:48:26.694356
Adoption,A0037,Dog,2025-06-07 16:17:26.694356
Adoption,A0366,Other,2025-06-07 16:23:26.694356
Adoption,A0674,Cat,2025-06-07 17:27:26.694356
Adoption,A0093,Dog,2025-06-07 18:21:26.694356
Adoption,A0650,Dog,2025-06-07 19:07:26.694356
Adoption,A0340,Cat,2025-06-08 09:23:26.694356
Adoption,A0306,Other,2025-06-08 09:47:26.694356
Adoption,A0255,Dog,2025-06-08 12:49:26.694356
Adoption,A0129,Dog,2025-06-08 13:35:26.694356
Adoption,A0527,Dog,2025-06-08 14:03:26.694356
Adoption,A0083,Cat,2025-06-08 14:57:26.694356
Adoption,A0696,Cat,2025-06-08 15:02:26.694356
Adoption,A0420,Dog,2025-06-08 15:03:26.694356
Adoption,A0611,Cat,2025-06-08 16:23:26.694356
Adoption,A0297,Dog,2025-06-08 16:24:26.694356
Adoption,A0632,Dog,2025-06-08 16:39:26.694356
Adoption,A0292,Dog,2025-06-08 18:34:26.694356
Adoption,A0347,Dog,2025-06-08 18:53:26.694356
Adoption,A0369,Cat,2025-06-08 19:57:26.694356
Adoption,A0496,Dog,2025-06-08 20:41:26.694356
Adoption,A0322,Dog,2025-06-08 21:52:26.694356
Adoption,A0733,Dog,2025-06-09 09:29:26.694356
Adoption,A0741,Dog,2025-06-09 12:58:26.694356
Adoption,A0721,Cat,2025-06-09 14:31:26.694356
Adoption,A0980,Dog,2025-06-09 16:14:26.694356
Adoption,A0948,Cat,2025-06-10 11:10:26.694356
Adoption,A0735,Cat,2025-06-10 12:33:26.694356
Adoption,A0727,Dog,2025-06-10 15:15:26.694356
Adoption,A0762,Cat,2025-06-10 15:18:26.694356
Adoption,A0836,Cat,2025-06-10 15:34:26.694356
Adoption,A0796,Dog,2025-06-10 16:10:26.694356
Adoption,A0940,Dog,2025-06-10 17:54:26.694356
Adoption,A0760,Dog,2025-06-11 10:49:26.694356
Adoption,A0893,Dog,2025-06-11 15:27:26.694356
Adoption,A0981,Dog,2025-06-12 13:40:26.694356
Adoption,A0861,Cat,2025-06-13 09:33:26.694356
Adoption,A0920,Dog,2025-06-13 11:13:26.694356
Adoption,A0315,Dog,2025-06-14 08:53:26.694356
Adoption,A0228,Other,2025-06-14 09:20:26.694356
Adoption,A0226,Dog,2025-06-14 10:46:26.694356
Adoption,A0373,Dog,2025-06-14 10:55:26.694356
Adoption,A0552,Dog,2025-06-14 11:20:26.694356
Adoption,A0386,Cat,2025-06-14 11:21:26.694356
Adoption,A0637,Dog,2025-06-14 11:27:26.694356
Adoption,A0614,Dog,2025-06-14 11:37:26.694356
Adoption,A0622,Cat,2025-06-14 13:06:26.694356
Adoption,A0609,Dog,2025-06-14 13:21:26.694356
Adoption,A0224,Dog,2025-06-14 14:11:26.694356
Adoption,A0630,Dog,2025-06-14 15:14:26.694356
Adoption,A0217,Cat,2025-06-14 15:34:26.694356
Adoption,A0218,Dog,2025-06-14 15:57:26.694356
Adoption,A0031,Dog,2025-06-14 16:20:26.694356
Adoption,A0518,Other,2025-06-14 16:35:26.694356
Adoption,A0160,Dog,2025-06-14 16:49:26.694356
Adoption,A0294,Dog,2025-06-14 17:41:26.694356
Adoption,A0453,Dog,2025-06-14 18:18:26.694356
Adoption,A0052,Dog,2025-06-15 10:03:26.694356
Adoption,A0559,Dog,2025-06-15 10:23:26.694356
Adoption,A0478,Cat,2025-06-15 12:35:26.694356
Adoption,A0405,Dog,2025-06-15 13:17:26.694356
Adoption,A0596,Dog,2025-06-15 15:20:26.694356
Adoption,A0581,Dog,2025-06-15 16:27:26.694356
Adoption,A0426,Cat,2025-06-15 17:05:26.694356
Adoption,A0283,Cat,2025-06-15 18:15:26.694356
Adoption,A0687,Cat,2025-06-15 18:17:26.694356
Adoption,A0067,Dog,2025-06-15 18:41:26.694356
Adoption,A0843,Dog,2025-06-16 09:35:26.694356
Adoption,A0743,Dog,2025-06-16 15:26:26.694356
Adoption,A0798,Dog,2025-06-17 11:22:26.694356
Adoption,A0999,Cat,2025-06-17 15:27:26.694356
Adoption,A0959,Dog,2025-06-20 13:32:26.694356
Adoption,A0711,Dog,2025-06-20 13:59:26.694356
Adoption,A0898,Cat,2025-06-20 16:08:26.694356
Adoption,A0830,Dog,2025-06-20 16:57:26.694356
Adoption,A0712,Cat,2025-06-20 17:47:26.694356
Adoption,A0349,Dog,2025-06-21 09:38:26.694356
Adoption,A0563,Dog,2025-06-21 10:24:26.694356
Adoption,A0043,Cat,2025-06-21 10:34:26.694356
Adoption,A0038,Dog,2025-06-21 10:36:26.694356
Adoption,A0112,Cat,2025-06-21 10:56:26.694356
Adoption,A0157,Other,2025-06-21 11:08:26.694356
Adoption,A0176,Dog,2025-06-21 11:26:26.694356
Adoption,A0357,Cat,2025-06-21 11:44:26.694356
Adoption,A0449,Dog,2025-06-21 11:58:26.694356
Adoption,A0207,Cat,2025-06-21 14:29:26.694356
Adoption,A0580,Cat,2025-06-21 14:33:26.694356
Adoption,A0440,Cat,2025-06-21 15:02:26.694356
Adoption,A0510,Dog,2025-06-21 16:30:26.694356
Adoption,A0592,Other,2025-06-21 19:05:26.694356
Adoption,A0470,Dog,2025-06-22 08:03:26.694356
Adoption,A0250,Cat,2025-06-22 09:28:26.694356
Adoption,A0521,Other,2025-06-22 10:19:26.694356
Adoption,A0040,Dog,2025-06-22 10:31:26.694356
Adoption,A0648,Dog,2025-06-22 10:55:26.694356
Adoption,A0161,Cat,2025-06-22 12:02:26.694356
Adoption,A0002,Dog,2025-06-22 12:49:26.694356
Adoption,A0475,Cat,2025-06-22 13:00:26.694356
Adoption,A0293,Dog,2025-06-22 13:31:26.694356
Adoption,A0700,Dog,2025-06-22 13:49:26.694356
Adoption,A0196,Dog,2025-06-22 15:08:26.694356
Adoption,A0313,Dog,2025-06-22 15:25:26.694356
Adoption,A0219,Dog,2025-06-22 15:31:26.694356
Adoption,A0454,Dog,2025-06-22 15:41:26.694356
Adoption,A0272,Cat,2025-06-22 16:28:26.694356
Adoption,A0391,Cat,2025-06-22 16:57:26.694356
Adoption,A0216,Dog,2025-06-22 17:20:26.694356
Adoption,A0539,Cat,2025-06-22 17:23:26.694356
Adoption,A0656,Cat,2025-06-22 19:05:26.694356
Adoption,A0876,Cat,2025-06-23 11:24:26.694356
Adoption,A0715,Other,2025-06-23 17:03:26.694356
Adoption,A0774,Cat,2025-06-25 14:33:26.694356
